{"num_customers": 8, "num_nodes": 10, "num_trips": 8, "num_batches": 8, "num_products": 3, "demand": [[0, 0, 0], [144, 179, 136], [76, 132, 114], [56, 101, 63], [148, 86, 32], [183, 32, 199], [187, 60, 63], [68, 141, 197], [166, 26, 148], [0, 0, 0]], "setup_time": [[2, 3, 9], [4, 8, 8], [1, 1, 3]], "process_time": [3, 1, 2], "travel_time": [[0, 15, 18, 22, 25, 20, 11, 21, 26, 0], [15, 0, 32, 14, 32, 32, 24, 21, 31, 15], [18, 32, 0, 34, 20, 23, 16, 36, 36, 18], [22, 14, 34, 0, 25, 42, 33, 35, 45, 22], [25, 32, 20, 25, 0, 41, 31, 46, 50, 25], [20, 32, 23, 42, 41, 0, 10, 20, 13, 20], [11, 24, 16, 33, 31, 10, 0, 20, 19, 11], [21, 21, 36, 35, 46, 20, 20, 0, 12, 21], [26, 31, 36, 45, 50, 13, 19, 12, 0, 26], [0, 15, 18, 22, 25, 20, 11, 21, 26, 0]], "time_windows": [[0, 1171], [161, 262], [50, 1007], [116, 758], [149, 607], [34, 720], [99, 1150], [81, 919], [95, 912], [0, 1171]], "num_vehicles": 6, "vehicle_capacity": [500, 500, 800, 800, 1000, 1000], "service_time": [10, 91, 64, 44, 53, 82, 62, 81, 68, 10], "processing_cost": 5, "setup_cost": 10, "travel_cost": 15, "early_delivery_penalty": 2, "late_delivery_penalty": 4, "vehicle_cost": [50, 50, 80, 80, 100, 100], "vehicle_type": [0, 0, 1, 1, 2, 2], "M": 10000, "large_int": 100000, "pulp_solver": "GUROBI", "process_cost": [0.9587946903842235, 0.31148560414208326, 0.46374015222422627], "out_path": "assets/generated/model2"}