{"num_customers": 8, "num_nodes": 10, "num_trips": 8, "num_batches": 8, "num_products": 3, "demand": [[0, 0, 0], [73, 112, 116], [116, 156, 40], [56, 69, 19], [194, 54, 142], [11, 41, 70], [64, 68, 70], [111, 17, 71], [175, 187, 125], [0, 0, 0]], "setup_time": [[4, 2, 3], [5, 3, 2], [9, 4, 8]], "process_time": [4, 1, 4], "travel_time": [[0, 15, 18, 22, 25, 20, 11, 21, 26, 0], [15, 0, 32, 14, 32, 32, 24, 21, 31, 15], [18, 32, 0, 34, 20, 23, 16, 36, 36, 18], [22, 14, 34, 0, 25, 42, 33, 35, 45, 22], [25, 32, 20, 25, 0, 41, 31, 46, 50, 25], [20, 32, 23, 42, 41, 0, 10, 20, 13, 20], [11, 24, 16, 33, 31, 10, 0, 20, 19, 11], [21, 21, 36, 35, 46, 20, 20, 0, 12, 21], [26, 31, 36, 45, 50, 13, 19, 12, 0, 26], [0, 15, 18, 22, 25, 20, 11, 21, 26, 0]], "time_windows": [[0, 1496], [161, 231], [50, 990], [116, 934], [149, 606], [34, 1466], [99, 514], [81, 734], [95, 947], [0, 1496]], "num_vehicles": 6, "vehicle_capacity": [500, 500, 800, 800, 1000, 1000], "service_time": [10, 60, 62, 28, 78, 24, 40, 39, 97, 10], "processing_cost": 5, "setup_cost": 10, "travel_cost": 15, "early_delivery_penalty": 2, "late_delivery_penalty": 4, "vehicle_cost": [50, 50, 80, 80, 100, 100], "vehicle_type": [0, 0, 1, 1, 2, 2], "M": 10000, "large_int": 100000, "pulp_solver": "GUROBI", "process_cost": [0.7890957520412049, 0.8205512692919442, 0.644903514397241], "out_path": "assets/generated/model2"}