{"num_customers": 8, "num_nodes": 10, "num_trips": 3, "num_products": 2, "demand": [[0, 0, 0], [0, 6, 8], [0, 9, 8], [0, 3, 8], [0, 6, 9], [0, 7, 4], [0, 9, 4], [0, 6, 6], [0, 9, 8], [0, 0, 0]], "setup_time": [[4, 1, 3], [0, 1, 3], [4, 0, 3]], "process_time": [0, 2, 1], "travel_time": [[0, 15, 18, 22, 20, 11, 21, 26, 32, 0], [15, 0, 32, 14, 32, 24, 21, 31, 17, 15], [18, 32, 0, 34, 23, 16, 36, 36, 47, 18], [22, 14, 34, 0, 42, 33, 35, 45, 15, 22], [20, 32, 23, 42, 0, 10, 20, 13, 50, 20], [11, 24, 16, 33, 10, 0, 20, 19, 42, 11], [21, 21, 36, 35, 20, 20, 0, 12, 36, 21], [26, 31, 36, 45, 13, 19, 12, 0, 48, 26], [32, 17, 47, 15, 50, 42, 36, 48, 0, 32], [0, 15, 18, 22, 20, 11, 21, 26, 32, 0]], "time_windows": [[0, 301], [111, 180], [110, 200], [125, 200], [125, 210], [126, 200], [123, 190], [96, 210], [123, 200], [0, 301]], "num_vehicles": 2, "vehicle_capacity": [40, 80], "service_time": [5.0, 2.8000000000000003, 3.4000000000000004, 2.2, 3.0, 2.2, 2.6, 2.4000000000000004, 3.4000000000000004, 5.0], "processing_cost": 5, "setup_cost": [[14, 11, 13], [3, 2, 6], [8, 1, 3]], "travel_cost": 5, "penalty": 10, "early_delivery_penalty": 2, "late_delivery_penalty": 4, "vehicle_cost": 5, "vehicle_type": [0, 1], "M": 10000, "large_int": 100000, "pulp_solver": "GUROBI", "out_path": "assets/generated/model4"}