{"F": 218.0, "a1,": 233.0, "a2,": 236.0, "a3,": 278.1999999999988, "a4,": 330.1999999999988, "a5,": 229.0, "a6,": 277.1999999999989, "a7,": 282.1999999999988, "a8,": 342.1999999999998, "k0,0": 218.0, "k0,1": 256.1999999999988, "k0,2": 310.1999999999988, "k1,0": 218.0, "k1,1": 10070.0, "k1,2": 10070.0, "l0,": 0.0, "l1,": 53.0, "l2,": 36.0, "l3,": 78.1999999999988, "l4,": 120.1999999999988, "l5,": 29.0, "l6,": 87.19999999999891, "l7,": 72.1999999999988, "l8,": 142.19999999999982, "l9,": 0.0, "w0,": 0.0, "w1,": 0.0, "x0,0": 0.0, "x0,1": 0.0, "x0,2": 1.0, "x1,0": 1.0, "x1,1": 0.0, "x1,2": 0.0, "x2,0": 0.0, "x2,1": 1.0, "x2,2": 0.0, "y0,0,0": 1.0, "y0,0,1": 1.0, "y0,0,2": 1.0, "y0,1,0": 1.0, "y0,1,1": 1.0, "y0,1,2": 1.0, "y1,0,0": 1.0, "y1,0,1": 0.0, "y1,0,2": 0.0, "y1,1,0": 0.0, "y1,1,1": 0.0, "y1,1,2": 0.0, "y2,0,0": 1.0, "y2,0,1": 0.0, "y2,0,2": 0.0, "y2,1,0": 0.0, "y2,1,1": 0.0, "y2,1,2": 0.0, "y3,0,0": 0.0, "y3,0,1": 1.0, "y3,0,2": 0.0, "y3,1,0": 0.0, "y3,1,1": 0.0, "y3,1,2": 0.0, "y4,0,0": 0.0, "y4,0,1": 0.0, "y4,0,2": 1.0, "y4,1,0": 0.0, "y4,1,1": 0.0, "y4,1,2": 0.0, "y5,0,0": 1.0, "y5,0,1": 0.0, "y5,0,2": 0.0, "y5,1,0": 0.0, "y5,1,1": 0.0, "y5,1,2": 0.0, "y6,0,0": 0.0, "y6,0,1": 1.0, "y6,0,2": 0.0, "y6,1,0": 0.0, "y6,1,1": 0.0, "y6,1,2": 0.0, "y7,0,0": 0.0, "y7,0,1": 1.0, "y7,0,2": 0.0, "y7,1,0": 0.0, "y7,1,1": 0.0, "y7,1,2": 0.0, "y8,0,0": 0.0, "y8,0,1": 0.0, "y8,0,2": 1.0, "y8,1,0": 0.0, "y8,1,1": 0.0, "y8,1,2": 0.0, "y9,0,0": 1.0, "y9,0,1": 1.0, "y9,0,2": 1.0, "y9,1,0": 1.0, "y9,1,1": 1.0, "y9,1,2": 1.0, "z0,0,": 0.0, "z0,1,": 0.0, "z0,2,": 0.0, "z0,3,": 0.0, "z0,4,": 0.0, "z0,5,": 0.0, "z0,6,": 0.0, "z0,7,": 0.0, "z0,8,": 0.0, "z0,9,": 0.0, "z1,0,": 0.0, "z1,1,": 0.0, "z1,2,": 0.0, "z1,3,": 0.0, "z1,4,": 0.0, "z1,5,": 0.0, "z1,6,": 0.0, "z1,7,": 0.0, "z1,8,": 0.0, "z1,9,": 0.0, "z2,0,": 0.0, "z2,1,": 0.0, "z2,2,": 0.0, "z2,3,": 0.0, "z2,4,": 0.0, "z2,5,": 0.0, "z2,6,": 0.0, "z2,7,": 0.0, "z2,8,": 0.0, "z2,9,": 0.0, "z3,0,": 0.0, "z3,1,": 0.0, "z3,2,": 0.0, "z3,3,": 0.0, "z3,4,": 0.0, "z3,5,": 0.0, "z3,6,": 0.0, "z3,7,": 0.0, "z3,8,": 0.0, "z3,9,": 0.0, "z4,0,": 0.0, "z4,1,": 0.0, "z4,2,": 0.0, "z4,3,": 0.0, "z4,4,": 0.0, "z4,5,": 0.0, "z4,6,": 0.0, "z4,7,": 0.0, "z4,8,": 0.0, "z4,9,": 0.0, "z5,0,": 0.0, "z5,1,": 0.0, "z5,2,": 0.0, "z5,3,": 0.0, "z5,4,": 0.0, "z5,5,": 0.0, "z5,6,": 0.0, "z5,7,": 0.0, "z5,8,": 0.0, "z5,9,": 0.0, "z6,0,": 0.0, "z6,1,": 0.0, "z6,2,": 0.0, "z6,3,": 0.0, "z6,4,": 0.0, "z6,5,": 0.0, "z6,6,": 0.0, "z6,7,": 0.0, "z6,8,": 0.0, "z6,9,": 0.0, "z7,0,": 0.0, "z7,1,": 0.0, "z7,2,": 0.0, "z7,3,": 0.0, "z7,4,": 0.0, "z7,5,": 0.0, "z7,6,": 0.0, "z7,7,": 0.0, "z7,8,": 0.0, "z7,9,": 0.0, "z8,0,": 0.0, "z8,1,": 0.0, "z8,2,": 0.0, "z8,3,": 0.0, "z8,4,": 0.0, "z8,5,": 0.0, "z8,6,": 0.0, "z8,7,": 0.0, "z8,8,": 0.0, "z8,9,": 0.0, "z9,0,": 0.0, "z9,1,": 0.0, "z9,2,": 0.0, "z9,3,": 0.0, "z9,4,": 0.0, "z9,5,": 0.0, "z9,6,": 0.0, "z9,7,": 0.0, "z9,8,": 0.0, "z9,9,": 0.0, "objective": 3566.9999999999804}