{"num_customers": 8, "num_nodes": 10, "num_trips": 3, "num_batches": 8, "num_products": 3, "demand": [[0, 0, 0], [169, 199, 83], [37, 188, 23], [171, 25, 124], [155, 58, 19], [111, 153, 176], [14, 136, 181], [97, 159, 99], [174, 29, 179], [0, 0, 0]], "setup_time": [[4, 4, 2], [2, 2, 4], [8, 4, 6]], "process_time": [4, 2, 1], "travel_time": [[0, 15, 18, 22, 25, 20, 11, 21, 26, 0], [15, 0, 32, 14, 32, 32, 24, 21, 31, 15], [18, 32, 0, 34, 20, 23, 16, 36, 36, 18], [22, 14, 34, 0, 25, 42, 33, 35, 45, 22], [25, 32, 20, 25, 0, 41, 31, 46, 50, 25], [20, 32, 23, 42, 41, 0, 10, 20, 13, 20], [11, 24, 16, 33, 31, 10, 0, 20, 19, 11], [21, 21, 36, 35, 46, 20, 20, 0, 12, 21], [26, 31, 36, 45, 50, 13, 19, 12, 0, 26], [0, 15, 18, 22, 25, 20, 11, 21, 26, 0]], "time_windows": [[0, 1294], [161, 261], [50, 1266], [116, 737], [149, 1063], [34, 887], [99, 1101], [81, 671], [95, 986], [0, 1294]], "num_vehicles": 6, "vehicle_capacity": [500, 500, 800, 800, 1000, 1000], "service_time": [10, 90, 49, 64, 46, 88, 66, 71, 76, 10], "processing_cost": 5, "setup_cost": 10, "travel_cost": 15, "early_delivery_penalty": 2, "late_delivery_penalty": 4, "vehicle_cost": [50, 50, 80, 80, 100, 100], "vehicle_type": [0, 0, 1, 1, 2, 2], "M": 10000, "large_int": 100000, "pulp_solver": "GUROBI", "process_cost": [0.5982873603367607, 0.534661143673194, 0.828471280194758], "out_path": "assets/generated/model3"}