{"F": 215.0, "a1,": 230.0, "a2,": 233.0, "a3,": 237.0, "a4,": 238.39999999999964, "a5,": 226.0, "a6,": 268.59999999999854, "a7,": 254.1999999999989, "a8,": 293.39999999999964, "k0,0": 215.0, "k0,1": 261.39999999999964, "k0,2": 328.39999999999964, "k1,0": 215.0, "k1,1": 292.7999999999994, "k1,2": 617.5499999565909, "l0,": 0.0, "l1,": 50.0, "l2,": 32.99999999999983, "l3,": 37.0, "l4,": 28.399999999999636, "l5,": 26.0, "l6,": 78.59999999999854, "l7,": 44.19999999999891, "l8,": 93.39999999999964, "l9,": 0.0, "w0,": 0.0, "w1,": 0.0, "x0,0": 0.0, "x0,1": 0.0, "x0,2": 1.0, "x1,0": 1.0, "x1,1": 0.0, "x1,2": 0.0, "x2,0": 0.0, "x2,1": 1.0, "x2,2": 0.0, "y0,0,0": 1.0, "y0,0,1": 1.0, "y0,0,2": 1.0, "y0,1,0": 1.0, "y0,1,1": 1.0, "y0,1,2": 1.0, "y1,0,0": 1.0, "y1,0,1": 0.0, "y1,0,2": 0.0, "y1,1,0": 0.0, "y1,1,1": 0.0, "y1,1,2": 0.0, "y2,0,0": 1.0, "y2,0,1": 0.0, "y2,0,2": 0.0, "y2,1,0": 0.0, "y2,1,1": 0.0, "y2,1,2": 0.0, "y3,0,0": 1.0, "y3,0,1": 0.0, "y3,0,2": 0.0, "y3,1,0": 0.0, "y3,1,1": 0.0, "y3,1,2": 0.0, "y4,0,0": 0.0, "y4,0,1": 0.0, "y4,0,2": 0.0, "y4,1,0": 1.0, "y4,1,1": 0.0, "y4,1,2": 0.0, "y5,0,0": 0.0, "y5,0,1": 0.0, "y5,0,2": 0.0, "y5,1,0": 1.0, "y5,1,1": 0.0, "y5,1,2": 0.0, "y6,0,0": 0.0, "y6,0,1": 0.0, "y6,0,2": 0.0, "y6,1,0": 1.0, "y6,1,1": 0.0, "y6,1,2": 0.0, "y7,0,0": 0.0, "y7,0,1": 0.0, "y7,0,2": 0.0, "y7,1,0": 1.0, "y7,1,1": 0.0, "y7,1,2": 0.0, "y8,0,0": 0.0, "y8,0,1": 1.0, "y8,0,2": 0.0, "y8,1,0": 0.0, "y8,1,1": 0.0, "y8,1,2": 0.0, "y9,0,0": 1.0, "y9,0,1": 1.0, "y9,0,2": 1.0, "y9,1,0": 1.0, "y9,1,1": 1.0, "y9,1,2": 1.0, "z0,0,0,0": 0.0, "z0,0,0,1": 0.0, "z0,0,0,2": 0.0, "z0,0,1,0": 0.0, "z0,0,1,1": 0.0, "z0,0,1,2": 0.0, "z0,1,0,0": 0.0, "z0,1,0,1": 0.0, "z0,1,0,2": 0.0, "z0,1,1,0": 0.0, "z0,1,1,1": 0.0, "z0,1,1,2": 0.0, "z0,2,0,0": 0.0, "z0,2,0,1": 0.0, "z0,2,0,2": 0.0, "z0,2,1,0": 0.0, "z0,2,1,1": 0.0, "z0,2,1,2": 0.0, "z0,3,0,0": 0.0, "z0,3,0,1": 0.0, "z0,3,0,2": 0.0, "z0,3,1,0": 0.0, "z0,3,1,1": 0.0, "z0,3,1,2": 0.0, "z0,4,0,0": 0.0, "z0,4,0,1": 0.0, "z0,4,0,2": 0.0, "z0,4,1,0": 0.0, "z0,4,1,1": 0.0, "z0,4,1,2": 0.0, "z0,5,0,0": 0.0, "z0,5,0,1": 0.0, "z0,5,0,2": 0.0, "z0,5,1,0": 1.0, "z0,5,1,1": 0.0, "z0,5,1,2": 0.0, "z0,6,0,0": 0.0, "z0,6,0,1": 0.0, "z0,6,0,2": 0.0, "z0,6,1,0": 0.0, "z0,6,1,1": 0.0, "z0,6,1,2": 0.0, "z0,7,0,0": 0.0, "z0,7,0,1": 0.0, "z0,7,0,2": 0.0, "z0,7,1,0": 0.0, "z0,7,1,1": 0.0, "z0,7,1,2": 0.0, "z0,8,0,0": 0.0, "z0,8,0,1": 0.0, "z0,8,0,2": 0.0, "z0,8,1,0": 0.0, "z0,8,1,1": 0.0, "z0,8,1,2": 0.0, "z0,9,0,0": 0.0, "z0,9,0,1": 0.0, "z0,9,0,2": 0.0, "z0,9,1,0": 0.0, "z0,9,1,1": 0.0, "z0,9,1,2": 0.0, "z1,0,0,0": 0.0, "z1,0,0,1": 0.0, "z1,0,0,2": 0.0, "z1,0,1,0": 0.0, "z1,0,1,1": 0.0, "z1,0,1,2": 0.0, "z1,1,0,0": 0.0, "z1,1,0,1": 0.0, "z1,1,0,2": 0.0, "z1,1,1,0": 0.0, "z1,1,1,1": 0.0, "z1,1,1,2": 0.0, "z1,2,0,0": 0.0, "z1,2,0,1": 0.0, "z1,2,0,2": 0.0, "z1,2,1,0": 0.0, "z1,2,1,1": 0.0, "z1,2,1,2": 0.0, "z1,3,0,0": 0.0, "z1,3,0,1": 0.0, "z1,3,0,2": 0.0, "z1,3,1,0": 0.0, "z1,3,1,1": 0.0, "z1,3,1,2": 0.0, "z1,4,0,0": 0.0, "z1,4,0,1": 0.0, "z1,4,0,2": 0.0, "z1,4,1,0": 0.0, "z1,4,1,1": 0.0, "z1,4,1,2": 0.0, "z1,5,0,0": 0.0, "z1,5,0,1": 0.0, "z1,5,0,2": 0.0, "z1,5,1,0": 0.0, "z1,5,1,1": 0.0, "z1,5,1,2": 0.0, "z1,6,0,0": 0.0, "z1,6,0,1": 0.0, "z1,6,0,2": 0.0, "z1,6,1,0": 0.0, "z1,6,1,1": 0.0, "z1,6,1,2": 0.0, "z1,7,0,0": 0.0, "z1,7,0,1": 0.0, "z1,7,0,2": 0.0, "z1,7,1,0": 0.0, "z1,7,1,1": 0.0, "z1,7,1,2": 0.0, "z1,8,0,0": 0.0, "z1,8,0,1": 0.0, "z1,8,0,2": 0.0, "z1,8,1,0": 0.0, "z1,8,1,1": 0.0, "z1,8,1,2": 0.0, "z1,9,0,0": 0.0, "z1,9,0,1": 0.0, "z1,9,0,2": 0.0, "z1,9,1,0": 0.0, "z1,9,1,1": 0.0, "z1,9,1,2": 0.0, "z2,0,0,0": 0.0, "z2,0,0,1": 0.0, "z2,0,0,2": 0.0, "z2,0,1,0": 0.0, "z2,0,1,1": 0.0, "z2,0,1,2": 0.0, "z2,1,0,0": 0.0, "z2,1,0,1": 0.0, "z2,1,0,2": 0.0, "z2,1,1,0": 0.0, "z2,1,1,1": 0.0, "z2,1,1,2": 0.0, "z2,2,0,0": 0.0, "z2,2,0,1": 0.0, "z2,2,0,2": 0.0, "z2,2,1,0": 0.0, "z2,2,1,1": 0.0, "z2,2,1,2": 0.0, "z2,3,0,0": 0.0, "z2,3,0,1": 0.0, "z2,3,0,2": 0.0, "z2,3,1,0": 0.0, "z2,3,1,1": 0.0, "z2,3,1,2": 0.0, "z2,4,0,0": 0.0, "z2,4,0,1": 0.0, "z2,4,0,2": 0.0, "z2,4,1,0": 0.0, "z2,4,1,1": 0.0, "z2,4,1,2": 0.0, "z2,5,0,0": 0.0, "z2,5,0,1": 0.0, "z2,5,0,2": 0.0, "z2,5,1,0": 0.0, "z2,5,1,1": 0.0, "z2,5,1,2": 0.0, "z2,6,0,0": 0.0, "z2,6,0,1": 0.0, "z2,6,0,2": 0.0, "z2,6,1,0": 0.0, "z2,6,1,1": 0.0, "z2,6,1,2": 0.0, "z2,7,0,0": 0.0, "z2,7,0,1": 0.0, "z2,7,0,2": 0.0, "z2,7,1,0": 0.0, "z2,7,1,1": 0.0, "z2,7,1,2": 0.0, "z2,8,0,0": 0.0, "z2,8,0,1": 0.0, "z2,8,0,2": 0.0, "z2,8,1,0": 0.0, "z2,8,1,1": 0.0, "z2,8,1,2": 0.0, "z2,9,0,0": 0.0, "z2,9,0,1": 0.0, "z2,9,0,2": 0.0, "z2,9,1,0": 0.0, "z2,9,1,1": 0.0, "z2,9,1,2": 0.0, "z3,0,0,0": 0.0, "z3,0,0,1": 0.0, "z3,0,0,2": 0.0, "z3,0,1,0": 0.0, "z3,0,1,1": 0.0, "z3,0,1,2": 0.0, "z3,1,0,0": 0.0, "z3,1,0,1": 0.0, "z3,1,0,2": 0.0, "z3,1,1,0": 0.0, "z3,1,1,1": 0.0, "z3,1,1,2": 0.0, "z3,2,0,0": 0.0, "z3,2,0,1": 0.0, "z3,2,0,2": 0.0, "z3,2,1,0": 0.0, "z3,2,1,1": 0.0, "z3,2,1,2": 0.0, "z3,3,0,0": 0.0, "z3,3,0,1": 0.0, "z3,3,0,2": 0.0, "z3,3,1,0": 0.0, "z3,3,1,1": 0.0, "z3,3,1,2": 0.0, "z3,4,0,0": 0.0, "z3,4,0,1": 0.0, "z3,4,0,2": 0.0, "z3,4,1,0": 0.0, "z3,4,1,1": 0.0, "z3,4,1,2": 0.0, "z3,5,0,0": 0.0, "z3,5,0,1": 0.0, "z3,5,0,2": 0.0, "z3,5,1,0": 0.0, "z3,5,1,1": 0.0, "z3,5,1,2": 0.0, "z3,6,0,0": 0.0, "z3,6,0,1": 0.0, "z3,6,0,2": 0.0, "z3,6,1,0": 0.0, "z3,6,1,1": 0.0, "z3,6,1,2": 0.0, "z3,7,0,0": 0.0, "z3,7,0,1": 0.0, "z3,7,0,2": 0.0, "z3,7,1,0": 0.0, "z3,7,1,1": 0.0, "z3,7,1,2": 0.0, "z3,8,0,0": 0.0, "z3,8,0,1": 0.0, "z3,8,0,2": 0.0, "z3,8,1,0": 0.0, "z3,8,1,1": 0.0, "z3,8,1,2": 0.0, "z3,9,0,0": 0.0, "z3,9,0,1": 0.0, "z3,9,0,2": 0.0, "z3,9,1,0": 0.0, "z3,9,1,1": 0.0, "z3,9,1,2": 0.0, "z4,0,0,0": 0.0, "z4,0,0,1": 0.0, "z4,0,0,2": 0.0, "z4,0,1,0": 0.0, "z4,0,1,1": 0.0, "z4,0,1,2": 0.0, "z4,1,0,0": 0.0, "z4,1,0,1": 0.0, "z4,1,0,2": 0.0, "z4,1,1,0": 0.0, "z4,1,1,1": 0.0, "z4,1,1,2": 0.0, "z4,2,0,0": 0.0, "z4,2,0,1": 0.0, "z4,2,0,2": 0.0, "z4,2,1,0": 0.0, "z4,2,1,1": 0.0, "z4,2,1,2": 0.0, "z4,3,0,0": 0.0, "z4,3,0,1": 0.0, "z4,3,0,2": 0.0, "z4,3,1,0": 0.0, "z4,3,1,1": 0.0, "z4,3,1,2": 0.0, "z4,4,0,0": 0.0, "z4,4,0,1": 0.0, "z4,4,0,2": 0.0, "z4,4,1,0": 0.0, "z4,4,1,1": 0.0, "z4,4,1,2": 0.0, "z4,5,0,0": 0.0, "z4,5,0,1": 0.0, "z4,5,0,2": 0.0, "z4,5,1,0": 0.0, "z4,5,1,1": 0.0, "z4,5,1,2": 0.0, "z4,6,0,0": 0.0, "z4,6,0,1": 0.0, "z4,6,0,2": 0.0, "z4,6,1,0": 0.0, "z4,6,1,1": 0.0, "z4,6,1,2": 0.0, "z4,7,0,0": 0.0, "z4,7,0,1": 0.0, "z4,7,0,2": 0.0, "z4,7,1,0": 1.0, "z4,7,1,1": 0.0, "z4,7,1,2": 0.0, "z4,8,0,0": 0.0, "z4,8,0,1": 0.0, "z4,8,0,2": 0.0, "z4,8,1,0": 0.0, "z4,8,1,1": 0.0, "z4,8,1,2": 0.0, "z4,9,0,0": 0.0, "z4,9,0,1": 0.0, "z4,9,0,2": 0.0, "z4,9,1,0": 0.0, "z4,9,1,1": 0.0, "z4,9,1,2": 0.0, "z5,0,0,0": 0.0, "z5,0,0,1": 0.0, "z5,0,0,2": 0.0, "z5,0,1,0": 0.0, "z5,0,1,1": 0.0, "z5,0,1,2": 0.0, "z5,1,0,0": 0.0, "z5,1,0,1": 0.0, "z5,1,0,2": 0.0, "z5,1,1,0": 0.0, "z5,1,1,1": 0.0, "z5,1,1,2": 0.0, "z5,2,0,0": 0.0, "z5,2,0,1": 0.0, "z5,2,0,2": 0.0, "z5,2,1,0": 0.0, "z5,2,1,1": 0.0, "z5,2,1,2": 0.0, "z5,3,0,0": 0.0, "z5,3,0,1": 0.0, "z5,3,0,2": 0.0, "z5,3,1,0": 0.0, "z5,3,1,1": 0.0, "z5,3,1,2": 0.0, "z5,4,0,0": 0.0, "z5,4,0,1": 0.0, "z5,4,0,2": 0.0, "z5,4,1,0": 1.0, "z5,4,1,1": 0.0, "z5,4,1,2": 0.0, "z5,5,0,0": 0.0, "z5,5,0,1": 0.0, "z5,5,0,2": 0.0, "z5,5,1,0": 0.0, "z5,5,1,1": 0.0, "z5,5,1,2": 0.0, "z5,6,0,0": 0.0, "z5,6,0,1": 0.0, "z5,6,0,2": 0.0, "z5,6,1,0": 0.0, "z5,6,1,1": 0.0, "z5,6,1,2": 0.0, "z5,7,0,0": 0.0, "z5,7,0,1": 0.0, "z5,7,0,2": 0.0, "z5,7,1,0": 0.0, "z5,7,1,1": 0.0, "z5,7,1,2": 0.0, "z5,8,0,0": 0.0, "z5,8,0,1": 0.0, "z5,8,0,2": 0.0, "z5,8,1,0": 0.0, "z5,8,1,1": 0.0, "z5,8,1,2": 0.0, "z5,9,0,0": 0.0, "z5,9,0,1": 0.0, "z5,9,0,2": 0.0, "z5,9,1,0": 0.0, "z5,9,1,1": 0.0, "z5,9,1,2": 0.0, "z6,0,0,0": 0.0, "z6,0,0,1": 0.0, "z6,0,0,2": 0.0, "z6,0,1,0": 0.0, "z6,0,1,1": 0.0, "z6,0,1,2": 0.0, "z6,1,0,0": 0.0, "z6,1,0,1": 0.0, "z6,1,0,2": 0.0, "z6,1,1,0": 0.0, "z6,1,1,1": 0.0, "z6,1,1,2": 0.0, "z6,2,0,0": 0.0, "z6,2,0,1": 0.0, "z6,2,0,2": 0.0, "z6,2,1,0": 0.0, "z6,2,1,1": 0.0, "z6,2,1,2": 0.0, "z6,3,0,0": 0.0,