{"a1,": 120.20000000000064, "a2,": 110.0, "a3,": 191.19999999999976, "a4,": 189.19999999999985, "a5,": 148.20000000000064, "a6,": 182.20000000000053, "a7,": 109.0, "a8,": 200.0, "k0,0": 83.0, "k0,1": 137.20000000000067, "k0,2": 161.20000000000064, "k1,0": 83.0, "k1,1": 218.50000137442558, "k1,2": 218.50000137442558, "l0,": 0.0, "l1,": 0.0, "l2,": 0.0, "l3,": 0.0, "l4,": 0.0, "l5,": 0.0, "l6,": 0.0, "l7,": 0.0, "l8,": 0.0, "l9,": 0.0, "w0,": 0.0, "w1,": 0.0, "x0,0": 0.0, "x0,1": 0.0, "x1,0": 0.0, "x1,1": 0.0, "x2,0": 0.0, "x2,1": 0.0, "y0,0,0": 1.0, "y0,0,1": 1.0, "y0,0,2": 1.0, "y0,1,0": 1.0, "y0,1,1": 1.0, "y0,1,2": 1.0, "y1,0,0": 1.0, "y1,0,1": 0.0, "y1,0,2": 0.0, "y1,1,0": 0.0, "y1,1,1": 0.0, "y1,1,2": 0.0, "y2,0,0": 1.0, "y2,0,1": 0.0, "y2,0,2": 0.0, "y2,1,0": 0.0, "y2,1,1": 0.0, "y2,1,2": 0.0, "y3,0,0": 0.0, "y3,0,1": 0.0, "y3,0,2": 1.0, "y3,1,0": 0.0, "y3,1,1": 0.0, "y3,1,2": 0.0, "y4,0,0": 0.0, "y4,0,1": 0.0, "y4,0,2": 1.0, "y4,1,0": 0.0, "y4,1,1": 0.0, "y4,1,2": 0.0, "y5,0,0": 0.0, "y5,0,1": 1.0, "y5,0,2": 0.0, "y5,1,0": 0.0, "y5,1,1": 0.0, "y5,1,2": 0.0, "y6,0,0": 0.0, "y6,0,1": 0.0, "y6,0,2": 1.0, "y6,1,0": 0.0, "y6,1,1": 0.0, "y6,1,2": 0.0, "y7,0,0": 1.0, "y7,0,1": 0.0, "y7,0,2": 0.0, "y7,1,0": 0.0, "y7,1,1": 0.0, "y7,1,2": 0.0, "y8,0,0": 0.0, "y8,0,1": 0.0, "y8,0,2": 1.0, "y8,1,0": 0.0, "y8,1,1": 0.0, "y8,1,2": 0.0, "y9,0,0": 1.0, "y9,0,1": 1.0, "y9,0,2": 1.0, "y9,1,0": 1.0, "y9,1,1": 1.0, "y9,1,2": 1.0, "z0,0,0,0": 0.0, "z0,0,0,1": 0.0, "z0,0,0,2": 0.0, "z0,0,1,0": 0.0, "z0,0,1,1": 0.0, "z0,0,1,2": 0.0, "z0,1,0,0": 0.0, "z0,1,0,1": 0.0, "z0,1,0,2": 0.0, "z0,1,1,0": 0.0, "z0,1,1,1": 0.0, "z0,1,1,2": 0.0, "z0,2,0,0": 0.0, "z0,2,0,1": 0.0, "z0,2,0,2": 0.0, "z0,2,1,0": 0.0, "z0,2,1,1": 0.0, "z0,2,1,2": 0.0, "z0,3,0,0": 0.0, "z0,3,0,1": 0.0, "z0,3,0,2": 0.0, "z0,3,1,0": 0.0, "z0,3,1,1": 0.0, "z0,3,1,2": 0.0, "z0,4,0,0": 0.0, "z0,4,0,1": 0.0, "z0,4,0,2": 0.0, "z0,4,1,0": 0.0, "z0,4,1,1": 0.0, "z0,4,1,2": 0.0, "z0,5,0,0": 0.0, "z0,5,0,1": 0.0, "z0,5,0,2": 0.0, "z0,5,1,0": 0.0, "z0,5,1,1": 0.0, "z0,5,1,2": 0.0, "z0,6,0,0": 0.0, "z0,6,0,1": 0.0, "z0,6,0,2": 0.0, "z0,6,1,0": 0.0, "z0,6,1,1": 0.0, "z0,6,1,2": 0.0, "z0,7,0,0": 0.0, "z0,7,0,1": 0.0, "z0,7,0,2": 0.0, "z0,7,1,0": 0.0, "z0,7,1,1": 0.0, "z0,7,1,2": 0.0, "z0,8,0,0": 0.0, "z0,8,0,1": 0.0, "z0,8,0,2": 0.0, "z0,8,1,0": 0.0, "z0,8,1,1": 0.0, "z0,8,1,2": 0.0, "z0,9,0,0": 0.0, "z0,9,0,1": 0.0, "z0,9,0,2": 0.0, "z0,9,1,0": 0.0, "z0,9,1,1": 0.0, "z0,9,1,2": 0.0, "z1,0,0,0": 0.0, "z1,0,0,1": 0.0, "z1,0,0,2": 0.0, "z1,0,1,0": 0.0, "z1,0,1,1": 0.0, "z1,0,1,2": 0.0, "z1,1,0,0": 0.0, "z1,1,0,1": 0.0, "z1,1,0,2": 0.0, "z1,1,1,0": 0.0, "z1,1,1,1": 0.0, "z1,1,1,2": 0.0, "z1,2,0,0": 0.0, "z1,2,0,1": 0.0, "z1,2,0,2": 0.0, "z1,2,1,0": 0.0, "z1,2,1,1": 0.0, "z1,2,1,2": 0.0, "z1,3,0,0": 0.0, "z1,3,0,1": 0.0, "z1,3,0,2": 0.0, "z1,3,1,0": 0.0, "z1,3,1,1": 0.0, "z1,3,1,2": 0.0, "z1,4,0,0": 0.0, "z1,4,0,1": 0.0, "z1,4,0,2": 0.0, "z1,4,1,0": 0.0, "z1,4,1,1": 0.0, "z1,4,1,2": 0.0, "z1,5,0,0": 0.0, "z1,5,0,1": 0.0, "z1,5,0,2": 0.0, "z1,5,1,0": 0.0, "z1,5,1,1": 0.0, "z1,5,1,2": 0.0, "z1,6,0,0": 0.0, "z1,6,0,1": 0.0, "z1,6,0,2": 0.0, "z1,6,1,0": 0.0, "z1,6,1,1": 0.0, "z1,6,1,2": 0.0, "z1,7,0,0": 0.0, "z1,7,0,1": 0.0, "z1,7,0,2": 0.0, "z1,7,1,0": 0.0, "z1,7,1,1": 0.0, "z1,7,1,2": 0.0, "z1,8,0,0": 0.0, "z1,8,0,1": 0.0, "z1,8,0,2": 0.0, "z1,8,1,0": 0.0, "z1,8,1,1": 0.0, "z1,8,1,2": 0.0, "z1,9,0,0": 0.0, "z1,9,0,1": 0.0, "z1,9,0,2": 0.0, "z1,9,1,0": 0.0, "z1,9,1,1": 0.0, "z1,9,1,2": 0.0, "z2,0,0,0": 0.0, "z2,0,0,1": 0.0, "z2,0,0,2": 0.0, "z2,0,1,0": 0.0, "z2,0,1,1": 0.0, "z2,0,1,2": 0.0, "z2,1,0,0": 0.0, "z2,1,0,1": 0.0, "z2,1,0,2": 0.0, "z2,1,1,0": 0.0, "z2,1,1,1": 0.0, "z2,1,1,2": 0.0, "z2,2,0,0": 0.0, "z2,2,0,1": 0.0, "z2,2,0,2": 0.0, "z2,2,1,0": 0.0, "z2,2,1,1": 0.0, "z2,2,1,2": 0.0, "z2,3,0,0": 0.0, "z2,3,0,1": 0.0, "z2,3,0,2": 0.0, "z2,3,1,0": 0.0, "z2,3,1,1": 0.0, "z2,3,1,2": 0.0, "z2,4,0,0": 0.0, "z2,4,0,1": 0.0, "z2,4,0,2": 0.0, "z2,4,1,0": 0.0, "z2,4,1,1": 0.0, "z2,4,1,2": 0.0, "z2,5,0,0": 0.0, "z2,5,0,1": 0.0, "z2,5,0,2": 0.0, "z2,5,1,0": 0.0, "z2,5,1,1": 0.0, "z2,5,1,2": 0.0, "z2,6,0,0": 0.0, "z2,6,0,1": 0.0, "z2,6,0,2": 0.0, "z2,6,1,0": 0.0, "z2,6,1,1": 0.0, "z2,6,1,2": 0.0, "z2,7,0,0": 0.0, "z2,7,0,1": 0.0, "z2,7,0,2": 0.0, "z2,7,1,0": 0.0, "z2,7,1,1": 0.0, "z2,7,1,2": 0.0, "z2,8,0,0": 0.0, "z2,8,0,1": 0.0, "z2,8,0,2": 0.0, "z2,8,1,0": 0.0, "z2,8,1,1": 0.0, "z2,8,1,2": 0.0, "z2,9,0,0": 0.0, "z2,9,0,1": 0.0, "z2,9,0,2": 0.0, "z2,9,1,0": 0.0, "z2,9,1,1": 0.0, "z2,9,1,2": 0.0, "z3,0,0,0": 0.0, "z3,0,0,1": 0.0, "z3,0,0,2": 0.0, "z3,0,1,0": 0.0, "z3,0,1,1": 0.0, "z3,0,1,2": 0.0, "z3,1,0,0": 0.0, "z3,1,0,1": 0.0, "z3,1,0,2": 0.0, "z3,1,1,0": 0.0, "z3,1,1,1": 0.0, "z3,1,1,2": 0.0, "z3,2,0,0": 0.0, "z3,2,0,1": 0.0, "z3,2,0,2": 0.0, "z3,2,1,0": 0.0, "z3,2,1,1": 0.0, "z3,2,1,2": 0.0, "z3,3,0,0": 0.0, "z3,3,0,1": 0.0, "z3,3,0,2": 0.0, "z3,3,1,0": 0.0, "z3,3,1,1": 0.0, "z3,3,1,2": 0.0, "z3,4,0,0": 0.0, "z3,4,0,1": 0.0, "z3,4,0,2": 0.0, "z3,4,1,0": 0.0, "z3,4,1,1": 0.0, "z3,4,1,2": 0.0, "z3,5,0,0": 0.0, "z3,5,0,1": 0.0, "z3,5,0,2": 0.0, "z3,5,1,0": 0.0, "z3,5,1,1": 0.0, "z3,5,1,2": 0.0, "z3,6,0,0": 0.0, "z3,6,0,1": 0.0, "z3,6,0,2": 0.0, "z3,6,1,0": 0.0, "z3,6,1,1": 0.0, "z3,6,1,2": 0.0, "z3,7,0,0": 0.0, "z3,7,0,1": 0.0, "z3,7,0,2": 0.0, "z3,7,1,0": 0.0, "z3,7,1,1": 0.0, "z3,7,1,2": 0.0, "z3,8,0,0": 0.0, "z3,8,0,1": 0.0, "z3,8,0,2": 0.0, "z3,8,1,0": 0.0, "z3,8,1,1": 0.0, "z3,8,1,2": 0.0, "z3,9,0,0": 0.0, "z3,9,0,1": 0.0, "z3,9,0,2": 0.0, "z3,9,1,0": 0.0, "z3,9,1,1": 0.0, "z3,9,1,2": 0.0, "z4,0,0,0": 0.0, "z4,0,0,1": 0.0, "z4,0,0,2": 0.0, "z4,0,1,0": 0.0, "z4,0,1,1": 0.0, "z4,0,1,2": 0.0, "z4,1,0,0": 0.0, "z4,1,0,1": 0.0, "z4,1,0,2": 0.0, "z4,1,1,0": 0.0, "z4,1,1,1": 0.0, "z4,1,1,2": 0.0, "z4,2,0,0": 0.0, "z4,2,0,1": 0.0, "z4,2,0,2": 0.0, "z4,2,1,0": 0.0, "z4,2,1,1": 0.0, "z4,2,1,2": 0.0, "z4,3,0,0": 0.0, "z4,3,0,1": 0.0, "z4,3,0,2": 0.0, "z4,3,1,0": 0.0, "z4,3,1,1": 0.0, "z4,3,1,2": 0.0, "z4,4,0,0": 0.0, "z4,4,0,1": 0.0, "z4,4,0,2": 0.0, "z4,4,1,0": 0.0, "z4,4,1,1": 0.0, "z4,4,1,2": 0.0, "z4,5,0,0": 0.0, "z4,5,0,1": 0.0, "z4,5,0,2": 0.0, "z4,5,1,0": 0.0, "z4,5,1,1": 0.0, "z4,5,1,2": 0.0, "z4,6,0,0": 0.0, "z4,6,0,1": 0.0, "z4,6,0,2": 0.0, "z4,6,1,0": 0.0, "z4,6,1,1": 0.0, "z4,6,1,2": 0.0, "z4,7,0,0": 0.0, "z4,7,0,1": 0.0, "z4,7,0,2": 0.0, "z4,7,1,0": 0.0, "z4,7,1,1": 0.0, "z4,7,1,2": 0.0, "z4,8,0,0": 0.0, "z4,8,0,1": 0.0, "z4,8,0,2": 0.0, "z4,8,1,0": 0.0, "z4,8,1,1": 0.0, "z4,8,1,2": 0.0, "z4,9,0,0": 0.0, "z4,9,0,1": 0.0, "z4,9,0,2": 0.0, "z4,9,1,0": 0.0, "z4,9,1,1": 0.0, "z4,9,1,2": 0.0, "z5,0,0,0": 0.0, "z5,0,0,1": 0.0, "z5,0,0,2": 0.0, "z5,0,1,0": 0.0, "z5,0,1,1": 0.0, "z5,0,1,2": 0.0, "z5,1,0,0": 0.0, "z5,1,0,1": 0.0, "z5,1,0,2": 0.0, "z5,1,1,0": 0.0, "z5,1,1,1": 0.0, "z5,1,1,2": 0.0, "z5,2,0,0": 0.0, "z5,2,0,1": 0.0, "z5,2,0,2": 0.0, "z5,2,1,0": 0.0, "z5,2,1,1": 0.0, "z5,2,1,2": 0.0, "z5,3,0,0": 0.0, "z5,3,0,1": 0.0, "z5,3,0,2": 0.0, "z5,3,1,0": 0.0, "z5,3,1,1": 0.0, "z5,3,1,2": 0.0, "z5,4,0,0": 0.0, "z5,4,0,1": 0.0, "z5,4,0,2": 0.0, "z5,4,1,0": 0.0, "z5,4,1,1": 0.0, "z5,4,1,2": 0.0, "z5,5,0,0": 0.0, "z5,5,0,1": 0.0, "z5,5,0,2": 0.0, "z5,5,1,0": 0.0, "z5,5,1,1": 0.0, "z5,5,1,2": 0.0, "z5,6,0,0": 0.0, "z5,6,0,1": 0.0, "z5,6,0,2": 0.0, "z5,6,1,0": 0.0, "z5,6,1,1": 0.0, "z5,6,1,2": 0.0, "z5,7,0,0": 0.0, "z5,7,0,1": 0.0, "z5,7,0,2": 0.0, "z5,7,1,0": 0.0, "z5,7,1,1": 0.0, "z5,7,1,2": 0.0, "z5,8,0,0": 0.0, "z5,8,0,1": 0.0, "z5,8,0,2": 0.0, "z5,8,1,0": 0.0, "z5,8,1,1": 0.0, "z5,8,1,2": 0.0, "z5,9,0,0": 0.0, "z5,9,0,1": 0.0, "z5,9,0,2": 0.0, "z5,9,1,0": 0.0, "z5,9,1,1": 0.0, "z5,9,1,2": 0.0, "z6,0,0,0": 0.0, "z6,0,0,1": 0.0, "z6,0,0,2": 0.0, "z6,0,1,0": 0.0, "z6,0,1,1": 0.0, "z6,0,1,2": 0.0, "z6,1,0,0": 0.0, "z6,1,0,1": 0.0, "z6,1,0,2": 0.0, "z6,1,1,0": 0.0, "z6,1,1,1": 0.0, "z6,1,1,2": 0.0, "z6,2,0,0": 0.0, "z6,2,0,1": 0.0, "z6,2,0,2": 0.0, "z6,2,1,0": 0.0, "z6,2,1,1": 0.0, "z6,2,1,2": 0.0, "z6,3,0,0": 0.0, "z6,3,0,1": 0.0, "z6,3,0,2": 0.0, "z6,3,1,0": 0.0, "z6,3,1,1": 0.0, "z6,3,1,2": 0.0, "z6,4,0,0": 0.0,